{
    "q_table": {
        "(0, 0)": [
            -59.31499120394334,
            -4.196076430430971,
            -51.437182348028394,
            -0.6916136181736617
        ],
        "(0, 1)": [
            -2.5148836234616545,
            -2.090465368924936,
            -32.60881066760233,
            -26.02996266117195
        ],
        "(0, 2)": [
            -1.9629988620293362,
            -1.7245336551750836,
            -33.665921758691816,
            -2.0553490954273417
        ],
        "(0, 3)": [
            -1.903937933231303,
            -1.6179098676911698,
            -19.16620848769103,
            -20.638571635634445
        ],
        "(0, 4)": [
            -1.4745283807563243,
            -1.3053579017500196,
            -15.031617570797492,
            -19.027213177874142
        ],
        "(0, 5)": [
            -0.7091553315105513,
            -11.39520957078469,
            -17.561667666263794,
            -0.5027126116517352
        ],
        "(1, 0)": [
            -38.910769821726134,
            -39.49939328624633,
            -3.618341873576551,
            1.4791677718081924
        ],
        "(1, 1)": [
            0.0,
            0.0,
            0.0,
            0.0
        ],
        "(1, 2)": [
            -14.854222890512437,
            -13.994164535871148,
            -1.650042113738664,
            -14.854222890512437
        ],
        "(1, 3)": [
            0.0,
            0.0,
            0.0,
            0.0
        ],
        "(1, 4)": [
            0.0,
            0.0,
            0.0,
            0.0
        ],
        "(1, 5)": [
            -12.247897700103202,
            -8.675669850063587,
            -0.13798188596492267,
            1.153756262467594
        ],
        "(2, 0)": [
            -33.90189416494449,
            -29.655230500043047,
            -4.1330804776505765,
            4.782038610224253
        ],
        "(2, 1)": [
            0.0,
            0.0,
            0.0,
            0.0
        ],
        "(2, 2)": [
            0.0,
            0.0,
            0.0,
            0.0
        ],
        "(2, 3)": [
            0.0,
            0.0,
            0.0,
            0.0
        ],
        "(2, 4)": [
            99.84231334825853,
            1.5153069786574072,
            -19.8369410460954,
            2.6921167244474806
        ],
        "(2, 5)": [
            27.5025730960977,
            -10.177617323404787,
            -0.19394338377943454,
            0.02415862831469749
        ],
        "(3, 0)": [
            -42.28764072192205,
            10.373516614737833,
            -1.832255062384531,
            -1.6432962209564659
        ],
        "(3, 1)": [
            -1.2635115826789372,
            18.30044091318873,
            -28.944677272770754,
            -1.1580734134833603
        ],
        "(3, 2)": [
            -0.767561859723502,
            -19.8369410460954,
            -18.20930624027691,
            29.80319039616944
        ],
        "(3, 3)": [
            0.0,
            0.0,
            0.0,
            0.0
        ],
        "(3, 4)": [
            -18.20930624027691,
            0.08348351939486331,
            86.59995693473746,
            1.1781014589490006
        ],
        "(3, 5)": [
            -0.12033193884540909,
            -5.862196497446248,
            3.339493854496487,
            -0.02535250272557248
        ],
        "(4, 0)": [
            -21.70918472518916,
            -0.7358513443349216,
            -1.014205880017422,
            -22.65974653012368
        ],
        "(4, 1)": [
            -1.2190883179293006,
            2.2796498247592085,
            -1.2143408915046887,
            -26.189494609302375
        ],
        "(4, 2)": [
            -0.8751955984029244,
            44.297127439697526,
            -0.9030131196060409,
            -25.50424535158547
        ],
        "(4, 3)": [
            0.4836962111128109,
            59.0140742852211,
            -19.027213177874142,
            -18.654696135973385
        ],
        "(4, 4)": [
            -0.18060975056635387,
            -0.28274406664871315,
            74.39290771594756,
            -16.37569230634879
        ],
        "(4, 5)": [
            -0.10643751958561518,
            -8.674514479837265,
            0.16677466277241393,
            -5.8523470471002685
        ]
    },
    "episode": 1000
}