{
    "value_table": {
        "(0, 0)": 4.681187679751712,
        "(0, 1)": 19.483651230430834,
        "(1, 0)": -0.9448244209732057,
        "(1, 1)": -6.1141186883709,
        "(2, 0)": -1.7146382180021664,
        "(2, 1)": -2.67309,
        "(3, 0)": 0.5315972838046839,
        "(0, 2)": 24.880157983880142,
        "(2, 2)": -1.791,
        "(3, 1)": -0.7290000000000001,
        "(0, 3)": 28.16691231188007,
        "(1, 2)": -0.8576931044436886,
        "(1, 3)": -6.952977501487191,
        "(1, 4)": -13.368800601461192,
        "(2, 3)": 72.51042610054844,
        "(0, 5)": 43.32088099702716,
        "(0, 4)": 34.95666689612112,
        "(1, 5)": 48.360180700538464,
        "(4, 0)": 1.3326381360123585,
        "(3, 2)": -0.4880894039099999,
        "(4, 1)": 1.5138680127287074,
        "(4, 2)": 2.3547564519365176,
        "(3, 3)": -0.9,
        "(3, 4)": 4.74796887747686,
        "(4, 3)": 2.6163960577072416,
        "(4, 4)": 2.956640504841528,
        "(4, 5)": 3.7356732639883523,
        "(3, 5)": 5.510957570624118,
        "(2, 4)": 63.97923371991225,
        "(2, 5)": 56.756237587073976
    }
}