{
    "q_table": {
        "(0, 0)": [
            -98.38862371694957,
            6.4346208961566775,
            -98.19389596916521,
            0.3176335197719826
        ],
        "(0, 1)": [
            1.205408443577573,
            9.644057249863096,
            -96.62362643521577,
            -99.32961095373797
        ],
        "(0, 2)": [
            2.7244652477452984,
            14.13730012587813,
            -92.11670577563675,
            0.6665745871236549
        ],
        "(0, 3)": [
            3.6885046011400813,
            20.055907292779732,
            -82.78414509251814,
            -90.0895184481125
        ],
        "(0, 4)": [
            5.719122814342105,
            29.511585526962758,
            -70.6604716343168,
            -78.94015538032708
        ],
        "(0, 5)": [
            6.319987820087483,
            -64.57613915910035,
            -62.42202175268764,
            43.58907626194092
        ],
        "(1, 0)": [
            -94.609947465685,
            -95.1935019720733,
            1.4091258063448882,
            0.0023720508299709692
        ],
        "(1, 1)": [
            0.0,
            0.0,
            0.0,
            0.0
        ],
        "(1, 2)": [
            -44.1733861452136,
            -46.90944570448865,
            3.1801262099826078,
            -40.10439935338387
        ],
        "(1, 3)": [
            0.0,
            0.0,
            0.0,
            0.0
        ],
        "(1, 4)": [
            0.0,
            0.0,
            0.0,
            0.0
        ],
        "(1, 5)": [
            -60.33221935779744,
            -44.968448028429705,
            8.36389741331933,
            60.33558264127931
        ],
        "(2, 0)": [
            -72.37482875134648,
            -70.95115056900359,
            0.06917719648310958,
            1.0858970061385552e-07
        ],
        "(2, 1)": [
            0.0,
            0.0,
            0.0,
            0.0
        ],
        "(2, 2)": [
            0.0,
            0.0,
            0.0,
            0.0
        ],
        "(2, 3)": [
            0.0,
            0.0,
            0.0,
            0.0
        ],
        "(2, 4)": [
            95.52002974338623,
            22.771166708076684,
            -46.37317747928146,
            4.797599901345603
        ],
        "(2, 5)": [
            78.74131346256706,
            -34.19389013953191,
            14.967797622530716,
            6.818645465081153
        ],
        "(3, 0)": [
            -33.771795901600406,
            9.267823562320195e-17,
            0.00034216048354157586,
            5.811980786179009e-14
        ],
        "(3, 1)": [
            1.6800269522394041e-15,
            1.5324206626929783e-19,
            -21.4321859192781,
            3.1839035018415506e-19
        ],
        "(3, 2)": [
            4.321109677508344e-18,
            -13.12541872310217,
            -4.90099501,
            9.380140318692875e-22
        ],
        "(3, 3)": [
            0.0,
            0.0,
            0.0,
            0.0
        ],
        "(3, 4)": [
            -10.466174574128356,
            1.1187510400691063,
            26.933096211153092,
            0.0125332966114072
        ],
        "(3, 5)": [
            1.580308312539148,
            -17.654797841074625,
            27.803779193787292,
            0.03277854864443092
        ],
        "(4, 0)": [
            -30.358678195042586,
            1.0633802168566023e-18,
            1.4920327860118274e-12,
            -40.10439935338384
        ],
        "(4, 1)": [
            1.1467802912179901e-18,
            8.664193646939917e-10,
            4.767534759793145e-17,
            -19.027213177874142
        ],
        "(4, 2)": [
            1.0422378131880971e-19,
            9.626881829922003e-08,
            3.88899870975751e-20,
            -4.90099501
        ],
        "(4, 3)": [
            9.380140318692875e-22,
            0.0012934171722479733,
            -2.9701,
            -1.0
        ],
        "(4, 4)": [
            8.585423124756689e-07,
            0.0030612434791522335,
            0.9483280005387077,
            -3.9403520327946566
        ],
        "(4, 5)": [
            0.006595607054660975,
            -3.938807563881802,
            1.0061509071454755,
            -3.925093903790624
        ]
    },
    "episode": 2000
}