{
    "q_table": {
        "(0, 0)": [
            -0.99009901,
            3.935933131324459e-17,
            -0.9900990099009902,
            3.125300151396268e-21
        ],
        "(0, 1)": [
            3.5072671467247654e-19,
            4.416991625153004e-15,
            -0.9900990099009902,
            -0.9900990099009902
        ],
        "(0, 2)": [
            3.9359331312875854e-17,
            4.956846157116149e-13,
            -0.9900990099999956,
            3.935933131324459e-17
        ],
        "(0, 3)": [
            4.416991625594703e-15,
            5.562682909652566e-11,
            -0.9900990099004945,
            -0.9900990099009902
        ],
        "(0, 4)": [
            4.956846107547688e-13,
            6.2425663763878796e-09,
            -0.9900990098443733,
            -0.99
        ],
        "(0, 5)": [
            5.562688472335476e-11,
            -0.9900990036584237,
            -0.9900990036584336,
            7.00554671127973e-07
        ],
        "(1, 0)": [
            -0.99,
            -0.9901000000000001,
            3.5072671116520942e-19,
            0.0
        ],
        "(1, 1)": [
            0.0,
            0.0,
            0.0,
            0.0
        ],
        "(1, 2)": [
            -1.0,
            -0.9901000000000001,
            4.416991625153004e-15,
            -1.0
        ],
        "(1, 3)": [
            0.0,
            0.0,
            0.0,
            0.0
        ],
        "(1, 4)": [
            0.0,
            0.0,
            0.0,
            0.0
        ],
        "(1, 5)": [
            -0.9900990099000001,
            -0.990098309445336,
            6.2425663770121354e-09,
            7.86178019821392e-05
        ],
        "(2, 0)": [
            -0.99009901,
            -0.9900990000000001,
            0.0,
            0.0
        ],
        "(2, 1)": [
            0.0,
            0.0,
            0.0,
            0.0
        ],
        "(2, 2)": [
            0.0,
            0.0,
            0.0,
            0.0
        ],
        "(2, 3)": [
            0.0,
            0.0,
            0.0,
            0.0
        ],
        "(2, 4)": [
            0.9900990099009902,
            7.861780119596119e-05,
            -0.9900990099009902,
            7.861788059994197e-05
        ],
        "(2, 5)": [
            0.008822664444662289,
            -0.9900203821194,
            7.00554671127973e-07,
            7.005546358200178e-07
        ],
        "(3, 0)": [
            -1.0,
            0.0,
            0.0,
            0.0
        ],
        "(3, 1)": [
            0.0,
            0.0,
            -0.99,
            0.0
        ],
        "(3, 2)": [
            0.0,
            -0.99,
            -1.0,
            5.613770715300001e-11
        ],
        "(3, 3)": [
            0.0,
            0.0,
            0.0,
            0.0
        ],
        "(3, 4)": [
            0.0,
            0.0,
            0.008822664444662289,
            7.073487000000001e-07
        ],
        "(3, 5)": [
            0.0,
            -1.0,
            7.861780199000099e-05,
            0.0
        ],
        "(4, 0)": [
            -0.99,
            5.261265900000002e-13,
            0.0,
            -0.99
        ],
        "(4, 1)": [
            0.0,
            5.5599304269995125e-11,
            0.0,
            -0.99
        ],
        "(4, 2)": [
            0.0,
            6.242564933612505e-09,
            0.0,
            -1.0
        ],
        "(4, 3)": [
            0.0,
            7.005546719605454e-07,
            -1.0,
            -1.0
        ],
        "(4, 4)": [
            0.0,
            0.0,
            7.861780198190971e-05,
            -1.0
        ],
        "(4, 5)": [
            0.0,
            -1.0,
            0.0,
            -1.0
        ]
    },
    "episode": 300
}