{
    "value_table": [
        [
            0.43046721000000016,
            0.47829690000000014,
            0.5314410000000002,
            0.5904900000000002,
            0.6561000000000001,
            0.7290000000000001
        ],
        [
            0.38742048900000015,
            0.43046721000000016,
            0.47829690000000014,
            1.0,
            0.9,
            0.81
        ],
        [
            0.43046721000000016,
            0.47829690000000014,
            1.0,
            0.0,
            1.0,
            0.9
        ],
        [
            0.47829690000000014,
            0.5314410000000002,
            0.5904900000000002,
            1.0,
            0.9,
            0.81
        ],
        [
            0.5314410000000002,
            0.5904900000000002,
            0.6561000000000001,
            0.7290000000000001,
            0.81,
            0.7290000000000001
        ]
    ],
    "iteration_count": 10,
    "improvement_count": 1
}