{
    "value_table": {
        "(0, 0)": -1.0218235127603545,
        "(0, 1)": -4.723482196413631,
        "(0, 2)": -0.9934731892034848,
        "(0, 3)": -1.6555016239281317,
        "(0, 4)": -0.9238616363127075,
        "(0, 5)": -0.04863126779132276,
        "(1, 0)": -1.7229744061575123,
        "(1, 1)": -10.945164670461537,
        "(1, 2)": -3.402647372917476,
        "(1, 3)": -1.999,
        "(1, 4)": -1.999,
        "(1, 5)": -0.9785514936691712,
        "(2, 0)": -0.8638848659941097,
        "(2, 1)": -1.999,
        "(2, 2)": -3.9940039990000002,
        "(2, 3)": 6.979034965020993,
        "(2, 4)": 6.960254917173483,
        "(2, 5)": 0.09769525854853936,
        "(3, 0)": -0.0445343325276693,
        "(3, 1)": -0.8297000057869672,
        "(3, 2)": -0.9806178499091679,
        "(3, 3)": -1.999,
        "(3, 4)": 0.10641555501698496,
        "(3, 5)": 0.0,
        "(4, 0)": -0.015275894616588665,
        "(4, 1)": -0.05393259922809584,
        "(4, 2)": -0.049410340459905194,
        "(4, 3)": -0.9702968294385214,
        "(4, 4)": 0.0007994701016625087,
        "(4, 5)": 0.0
    }
}